,id,label
0,script_10000.txt,3
1,script_10001.txt,1
2,script_10002.txt,5
3,script_10003.txt,0
4,script_10004.txt,4
5,script_10005.txt,6
6,script_10006.txt,4
7,script_10007.txt,0
8,script_10008.txt,5
9,script_10009.txt,4
10,script_10010.txt,3
11,script_10011.txt,4
12,script_10012.txt,4
13,script_10013.txt,6
14,script_10014.txt,1
15,script_10015.txt,0
16,script_10016.txt,0
17,script_10017.txt,4
18,script_10018.txt,4
19,script_10019.txt,3
20,script_10020.txt,4
21,script_10021.txt,3
22,script_10022.txt,4
23,script_10023.txt,0
24,script_10024.txt,1
25,script_10025.txt,3
26,script_10026.txt,1
27,script_10027.txt,3
28,script_10028.txt,1
29,script_10029.txt,3
30,script_10030.txt,3
31,script_10031.txt,5
32,script_10032.txt,4
33,script_10033.txt,4
34,script_10034.txt,4
35,script_10035.txt,0
36,script_10036.txt,0
37,script_10037.txt,3
38,script_10038.txt,4
39,script_10039.txt,5
40,script_10040.txt,3
41,script_10041.txt,4
42,script_10042.txt,3
43,script_10043.txt,5
44,script_10044.txt,3
45,script_10045.txt,1
46,script_10046.txt,5
47,script_10047.txt,0
48,script_10048.txt,3
49,script_10049.txt,4
50,script_10050.txt,0
51,script_10051.txt,1
52,script_10052.txt,0
53,script_10053.txt,5
54,script_10054.txt,3
55,script_10055.txt,3
56,script_10056.txt,5
57,script_10057.txt,1
58,script_10058.txt,2
59,script_10059.txt,6
60,script_10060.txt,5
61,script_10061.txt,4
62,script_10062.txt,3
63,script_10063.txt,3
64,script_10064.txt,4
65,script_10065.txt,4
66,script_10066.txt,4
67,script_10067.txt,1
68,script_10068.txt,1
69,script_10069.txt,1
70,script_10070.txt,5
71,script_10071.txt,4
72,script_10072.txt,3
73,script_10073.txt,5
74,script_10074.txt,1
75,script_10075.txt,0
76,script_10076.txt,0
77,script_10077.txt,3
78,script_10078.txt,4
79,script_10079.txt,5
80,script_10080.txt,4
81,script_10081.txt,1
82,script_10082.txt,3
83,script_10083.txt,1
84,script_10084.txt,4
85,script_10085.txt,3
86,script_10086.txt,6
87,script_10087.txt,1
88,script_10088.txt,3
89,script_10089.txt,5
90,script_10090.txt,0
91,script_10091.txt,5
92,script_10092.txt,4
93,script_10093.txt,3
94,script_10094.txt,3
95,script_10095.txt,1
96,script_10096.txt,3
97,script_10097.txt,6
98,script_10098.txt,3
99,script_10099.txt,3
100,script_10100.txt,4
101,script_10101.txt,1
102,script_10102.txt,3
103,script_10103.txt,4
104,script_10104.txt,4
105,script_10105.txt,5
106,script_10106.txt,3
107,script_10107.txt,0
108,script_10108.txt,5
109,script_10109.txt,3
110,script_10110.txt,0
111,script_10111.txt,3
112,script_10112.txt,3
113,script_10113.txt,0
114,script_10114.txt,4
115,script_10115.txt,1
116,script_10116.txt,3
117,script_10117.txt,4
118,script_10118.txt,0
119,script_10119.txt,1
120,script_10120.txt,0
121,script_10121.txt,1
122,script_10122.txt,5
123,script_10123.txt,1
124,script_10124.txt,4
125,script_10125.txt,3
126,script_10126.txt,2
127,script_10127.txt,3
128,script_10128.txt,3
129,script_10129.txt,3
130,script_10130.txt,3
131,script_10131.txt,0
132,script_10132.txt,5
133,script_10133.txt,6
134,script_10134.txt,0
135,script_10135.txt,3
136,script_10136.txt,6
137,script_10137.txt,6
138,script_10138.txt,1
139,script_10139.txt,3
140,script_10140.txt,1
141,script_10141.txt,5
142,script_10142.txt,6
143,script_10143.txt,2
144,script_10144.txt,5
145,script_10145.txt,3
146,script_10146.txt,4
147,script_10147.txt,3
148,script_10148.txt,0
149,script_10149.txt,3
150,script_10150.txt,4
151,script_10151.txt,3
152,script_10152.txt,3
153,script_10153.txt,4
154,script_10154.txt,1
155,script_10155.txt,4
156,script_10156.txt,1
157,script_10157.txt,1
158,script_10158.txt,4
159,script_10159.txt,5
160,script_10160.txt,4
161,script_10161.txt,5
162,script_10162.txt,3
163,script_10163.txt,0
164,script_10164.txt,3
165,script_10165.txt,3
166,script_10166.txt,3
167,script_10167.txt,0
168,script_10168.txt,6
169,script_10169.txt,0
170,script_10170.txt,4
171,script_10171.txt,3
172,script_10172.txt,4
173,script_10173.txt,3
174,script_10174.txt,5
175,script_10175.txt,3
176,script_10176.txt,3
177,script_10177.txt,5
178,script_10178.txt,0
179,script_10179.txt,4
180,script_10180.txt,3
181,script_10181.txt,5
182,script_10182.txt,1
183,script_10183.txt,5
184,script_10184.txt,5
185,script_10185.txt,5
186,script_10186.txt,1
187,script_10187.txt,3
188,script_10188.txt,2
189,script_10189.txt,3
190,script_10190.txt,0
191,script_10191.txt,4
192,script_10192.txt,0
193,script_10193.txt,3
194,script_10194.txt,5
195,script_10195.txt,2
196,script_10196.txt,4
197,script_10197.txt,0
198,script_10198.txt,6
199,script_10199.txt,0
200,script_10200.txt,1
201,script_10201.txt,4
202,script_10202.txt,5
203,script_10203.txt,5
204,script_10204.txt,5
205,script_10205.txt,0
206,script_10206.txt,5
207,script_10207.txt,5
208,script_10208.txt,3
209,script_10209.txt,1
210,script_10210.txt,3
211,script_10211.txt,4
212,script_10212.txt,5
213,script_10213.txt,5
214,script_10214.txt,4
215,script_10215.txt,0
216,script_10216.txt,3
217,script_10217.txt,5
218,script_10218.txt,0
219,script_10219.txt,6
220,script_10220.txt,5
221,script_10221.txt,3
222,script_10222.txt,4
223,script_10223.txt,1
224,script_10224.txt,5
225,script_10225.txt,3
226,script_10226.txt,4
227,script_10227.txt,3
228,script_10228.txt,1
229,script_10229.txt,5
230,script_10230.txt,3
231,script_10231.txt,3
232,script_10232.txt,1
233,script_10233.txt,4
234,script_10234.txt,4
235,script_10235.txt,4
236,script_10236.txt,4
237,script_10237.txt,4
238,script_10238.txt,1
239,script_10239.txt,1
240,script_10240.txt,0
241,script_10241.txt,4
242,script_10242.txt,0
243,script_10243.txt,3
244,script_10244.txt,5
245,script_10245.txt,3
246,script_10246.txt,5
247,script_10247.txt,0
248,script_10248.txt,3
249,script_10249.txt,0
250,script_10250.txt,4
251,script_10251.txt,1
252,script_10252.txt,4
253,script_10253.txt,3
254,script_10254.txt,5
255,script_10255.txt,3
256,script_10256.txt,3
257,script_10257.txt,3
258,script_10258.txt,0
259,script_10259.txt,3
260,script_10260.txt,3
261,script_10261.txt,1
262,script_10262.txt,4
263,script_10263.txt,6
264,script_10264.txt,1
265,script_10265.txt,3
266,script_10266.txt,5
267,script_10267.txt,3
268,script_10268.txt,3
269,script_10269.txt,5
270,script_10270.txt,1
271,script_10271.txt,0
272,script_10272.txt,4
273,script_10273.txt,4
274,script_10274.txt,5
275,script_10275.txt,4
276,script_10276.txt,3
277,script_10277.txt,0
278,script_10278.txt,3
279,script_10279.txt,0
280,script_10280.txt,0
281,script_10281.txt,5
282,script_10282.txt,3
283,script_10283.txt,5
284,script_10284.txt,1
285,script_10285.txt,4
286,script_10286.txt,2
287,script_10287.txt,4
288,script_10288.txt,4
289,script_10289.txt,0
290,script_10290.txt,3
291,script_10291.txt,3
292,script_10292.txt,3
293,script_10293.txt,0
294,script_10294.txt,4
295,script_10295.txt,4
296,script_10296.txt,1
297,script_10297.txt,4
298,script_10298.txt,1
299,script_10299.txt,1
300,script_10300.txt,4
301,script_10301.txt,5
302,script_10302.txt,3
303,script_10303.txt,1
304,script_10304.txt,5
305,script_10305.txt,3
306,script_10306.txt,4
307,script_10307.txt,1
308,script_10308.txt,3
309,script_10309.txt,0
310,script_10310.txt,3
311,script_10311.txt,3
312,script_10312.txt,0
313,script_10313.txt,4
314,script_10314.txt,4
315,script_10315.txt,5
316,script_10316.txt,1
317,script_10317.txt,2
318,script_10318.txt,3
319,script_10319.txt,3
320,script_10320.txt,0
321,script_10321.txt,1
322,script_10322.txt,3
323,script_10323.txt,4
324,script_10324.txt,3
325,script_10325.txt,3
326,script_10326.txt,4
327,script_10327.txt,0
328,script_10328.txt,3
329,script_10329.txt,1
330,script_10330.txt,6
331,script_10331.txt,1
332,script_10332.txt,3
333,script_10333.txt,4
334,script_10334.txt,5
335,script_10335.txt,5
336,script_10336.txt,3
337,script_10337.txt,3
338,script_10338.txt,5
339,script_10339.txt,5
340,script_10340.txt,3
341,script_10341.txt,3
342,script_10342.txt,0
343,script_10343.txt,4
344,script_10344.txt,3
345,script_10345.txt,6
346,script_10346.txt,3
347,script_10347.txt,5
348,script_10348.txt,0
349,script_10349.txt,0
350,script_10350.txt,4
351,script_10351.txt,5
352,script_10352.txt,4
353,script_10353.txt,3
354,script_10354.txt,1
355,script_10355.txt,5
356,script_10356.txt,1
357,script_10357.txt,3
358,script_10358.txt,3
359,script_10359.txt,1
360,script_10360.txt,3
361,script_10361.txt,1
362,script_10362.txt,3
363,script_10363.txt,4
364,script_10364.txt,1
365,script_10365.txt,4
366,script_10366.txt,3
367,script_10367.txt,1
368,script_10368.txt,4
369,script_10369.txt,5
370,script_10370.txt,5
371,script_10371.txt,4
372,script_10372.txt,3
373,script_10373.txt,3
374,script_10374.txt,0
375,script_10375.txt,0
376,script_10376.txt,4
377,script_10377.txt,3
378,script_10378.txt,3
379,script_10379.txt,5
380,script_10380.txt,5
381,script_10381.txt,3
382,script_10382.txt,3
383,script_10383.txt,1
384,script_10384.txt,0
385,script_10385.txt,0
386,script_10386.txt,4
387,script_10387.txt,3
388,script_10388.txt,4
389,script_10389.txt,3
390,script_10390.txt,1
391,script_10391.txt,0
392,script_10392.txt,3
393,script_10393.txt,5
394,script_10394.txt,3
395,script_10395.txt,4
396,script_10396.txt,3
397,script_10397.txt,3
398,script_10398.txt,3
399,script_10399.txt,4
400,script_10400.txt,3
401,script_10401.txt,3
402,script_10402.txt,0
403,script_10403.txt,1
404,script_10404.txt,0
405,script_10405.txt,4
406,script_10406.txt,1
407,script_10407.txt,3
408,script_10408.txt,4
409,script_10409.txt,4
410,script_10410.txt,4
411,script_10411.txt,0
412,script_10412.txt,3
413,script_10413.txt,3
414,script_10414.txt,4
415,script_10415.txt,1
416,script_10416.txt,1
417,script_10417.txt,3
418,script_10418.txt,3
419,script_10419.txt,3
420,script_10420.txt,5
421,script_10421.txt,5
422,script_10422.txt,4
423,script_10423.txt,1
424,script_10424.txt,0
425,script_10425.txt,3
426,script_10426.txt,1
427,script_10427.txt,4
428,script_10428.txt,1
429,script_10429.txt,5
430,script_10430.txt,3
431,script_10431.txt,5
432,script_10432.txt,4
433,script_10433.txt,3
434,script_10434.txt,3
435,script_10435.txt,5
436,script_10436.txt,3
437,script_10437.txt,4
438,script_10438.txt,1
439,script_10439.txt,6
440,script_10440.txt,3
441,script_10441.txt,5
442,script_10442.txt,1
443,script_10443.txt,6
444,script_10444.txt,4
445,script_10445.txt,6
446,script_10446.txt,3
447,script_10447.txt,6
448,script_10448.txt,3
449,script_10449.txt,4
450,script_10450.txt,5
451,script_10451.txt,0
452,script_10452.txt,4
453,script_10453.txt,3
454,script_10454.txt,5
455,script_10455.txt,3
456,script_10456.txt,1
457,script_10457.txt,5
458,script_10458.txt,5
459,script_10459.txt,1
460,script_10460.txt,5
461,script_10461.txt,1
462,script_10462.txt,3
463,script_10463.txt,3
464,script_10464.txt,3
465,script_10465.txt,5
466,script_10466.txt,3
467,script_10467.txt,3
468,script_10468.txt,4
469,script_10469.txt,4
470,script_10470.txt,4
471,script_10471.txt,0
472,script_10472.txt,4
473,script_10473.txt,4
474,script_10474.txt,4
475,script_10475.txt,4
476,script_10476.txt,4
477,script_10477.txt,3
478,script_10478.txt,4
479,script_10479.txt,0
480,script_10480.txt,4
481,script_10481.txt,5
482,script_10482.txt,5
483,script_10483.txt,3
484,script_10484.txt,5
485,script_10485.txt,3
486,script_10486.txt,4
487,script_10487.txt,0
488,script_10488.txt,1
489,script_10489.txt,5
490,script_10490.txt,1
491,script_10491.txt,2
492,script_10492.txt,3
493,script_10493.txt,5
494,script_10494.txt,3
495,script_10495.txt,5
496,script_10496.txt,3
497,script_10497.txt,3
498,script_10498.txt,1
499,script_10499.txt,0
500,script_10500.txt,3
501,script_10501.txt,4
502,script_10502.txt,3
503,script_10503.txt,5
504,script_10504.txt,4
505,script_10505.txt,1
506,script_10506.txt,4
507,script_10507.txt,4
508,script_10508.txt,3
509,script_10509.txt,3
510,script_10510.txt,4
511,script_10511.txt,5
512,script_10512.txt,3
513,script_10513.txt,0
514,script_10514.txt,1
515,script_10515.txt,6
516,script_10516.txt,0
517,script_10517.txt,2
518,script_10518.txt,4
519,script_10519.txt,1
520,script_10520.txt,4
521,script_10521.txt,4
522,script_10522.txt,3
523,script_10523.txt,4
524,script_10524.txt,1
525,script_10525.txt,5
526,script_10526.txt,3
527,script_10527.txt,5
528,script_10528.txt,3
529,script_10529.txt,5
530,script_10530.txt,1
531,script_10531.txt,5
532,script_10532.txt,0
533,script_10533.txt,0
534,script_10534.txt,3
535,script_10535.txt,4
536,script_10536.txt,3
537,script_10537.txt,0
538,script_10538.txt,6
539,script_10539.txt,3
540,script_10540.txt,1
541,script_10541.txt,3
542,script_10542.txt,5
543,script_10543.txt,5
544,script_10544.txt,3
545,script_10545.txt,4
546,script_10546.txt,6
547,script_10547.txt,1
548,script_10548.txt,1
549,script_10549.txt,3
550,script_10550.txt,3
551,script_10551.txt,1
552,script_10552.txt,3
553,script_10553.txt,1
554,script_10554.txt,1
555,script_10555.txt,1
556,script_10556.txt,3
557,script_10557.txt,3
558,script_10558.txt,0
559,script_10559.txt,5
560,script_10560.txt,6
561,script_10561.txt,4
562,script_10562.txt,0
563,script_10563.txt,1
564,script_10564.txt,3
565,script_10565.txt,4
566,script_10566.txt,3
567,script_10567.txt,6
568,script_10568.txt,5
569,script_10569.txt,0
570,script_10570.txt,4
571,script_10571.txt,1
572,script_10572.txt,3
573,script_10573.txt,3
574,script_10574.txt,3
575,script_10575.txt,3
576,script_10576.txt,1
577,script_10577.txt,3
578,script_10578.txt,5
579,script_10579.txt,4
580,script_10580.txt,1
581,script_10581.txt,0
582,script_10582.txt,1
583,script_10583.txt,0
584,script_10584.txt,4
585,script_10585.txt,5
586,script_10586.txt,1
587,script_10587.txt,5
588,script_10588.txt,5
589,script_10589.txt,0
590,script_10590.txt,4
591,script_10591.txt,5
592,script_10592.txt,5
593,script_10593.txt,1
594,script_10594.txt,3
595,script_10595.txt,3
596,script_10596.txt,3
597,script_10597.txt,4
598,script_10598.txt,0
599,script_10599.txt,4
600,script_10600.txt,4
601,script_10601.txt,4
602,script_10602.txt,3
603,script_10603.txt,3
604,script_10604.txt,3
605,script_10605.txt,3
606,script_10606.txt,2
607,script_10607.txt,5
608,script_10608.txt,6
609,script_10609.txt,3
610,script_10610.txt,0
611,script_10611.txt,3
612,script_10612.txt,4
613,script_10613.txt,4
614,script_10614.txt,1
615,script_10615.txt,4
616,script_10616.txt,3
617,script_10617.txt,3
618,script_10618.txt,3
619,script_10619.txt,4
620,script_10620.txt,1
621,script_10621.txt,1
622,script_10622.txt,5
623,script_10623.txt,0
624,script_10624.txt,3
625,script_10625.txt,5
626,script_10626.txt,1
627,script_10627.txt,0
628,script_10628.txt,4
629,script_10629.txt,1
630,script_10630.txt,4
631,script_10631.txt,4
632,script_10632.txt,2
633,script_10633.txt,0
634,script_10634.txt,3
635,script_10635.txt,1
636,script_10636.txt,4
637,script_10637.txt,3
638,script_10638.txt,3
639,script_10639.txt,5
640,script_10640.txt,5
641,script_10641.txt,4
642,script_10642.txt,1
643,script_10643.txt,5
644,script_10644.txt,3
645,script_10645.txt,5
646,script_10646.txt,4
647,script_10647.txt,4
648,script_10648.txt,3
649,script_10649.txt,0
650,script_10650.txt,1
651,script_10651.txt,0
652,script_10652.txt,0
653,script_10653.txt,1
654,script_10654.txt,3
655,script_10655.txt,4
656,script_10656.txt,5
657,script_10657.txt,1
658,script_10658.txt,4
659,script_10659.txt,3
660,script_10660.txt,3
661,script_10661.txt,1
662,script_10662.txt,5
663,script_10663.txt,3
664,script_10664.txt,3
665,script_10665.txt,3
666,script_10666.txt,1
667,script_10667.txt,6
668,script_10668.txt,2
669,script_10669.txt,3
670,script_10670.txt,3
671,script_10671.txt,3
672,script_10672.txt,3
673,script_10673.txt,4
674,script_10674.txt,1
675,script_10675.txt,3
676,script_10676.txt,0
677,script_10677.txt,3
678,script_10678.txt,3
679,script_10679.txt,4
680,script_10680.txt,1
681,script_10681.txt,4
682,script_10682.txt,3
683,script_10683.txt,4
684,script_10684.txt,1
685,script_10685.txt,0
686,script_10686.txt,0
687,script_10687.txt,6
688,script_10688.txt,4
689,script_10689.txt,2
690,script_10690.txt,0
691,script_10691.txt,3
692,script_10692.txt,5
693,script_10693.txt,5
694,script_10694.txt,5
695,script_10695.txt,5
696,script_10696.txt,5
697,script_10697.txt,4
698,script_10698.txt,3
699,script_10699.txt,5
700,script_10700.txt,3
701,script_10701.txt,5
702,script_10702.txt,3
703,script_10703.txt,3
704,script_10704.txt,4
705,script_10705.txt,4
706,script_10706.txt,0
707,script_10707.txt,3
708,script_10708.txt,5
709,script_10709.txt,0
710,script_10710.txt,4
711,script_10711.txt,1
712,script_10712.txt,6
713,script_10713.txt,3
714,script_10714.txt,0
715,script_10715.txt,1
716,script_10716.txt,3
717,script_10717.txt,4
718,script_10718.txt,3
719,script_10719.txt,3
720,script_10720.txt,3
721,script_10721.txt,2
722,script_10722.txt,4
723,script_10723.txt,1
724,script_10724.txt,4
725,script_10725.txt,4
726,script_10726.txt,4
727,script_10727.txt,5
728,script_10728.txt,5
729,script_10729.txt,3
730,script_10730.txt,1
731,script_10731.txt,1
732,script_10732.txt,3
733,script_10733.txt,4
734,script_10734.txt,6
735,script_10735.txt,5
736,script_10736.txt,3
737,script_10737.txt,1
738,script_10738.txt,0
739,script_10739.txt,3
740,script_10740.txt,0
741,script_10741.txt,0
742,script_10742.txt,3
743,script_10743.txt,6
744,script_10744.txt,3
745,script_10745.txt,3
746,script_10746.txt,5
747,script_10747.txt,3
748,script_10748.txt,3
749,script_10749.txt,4
750,script_10750.txt,1
751,script_10751.txt,3
752,script_10752.txt,5
753,script_10753.txt,4
754,script_10754.txt,3
755,script_10755.txt,5
756,script_10756.txt,4
757,script_10757.txt,6
758,script_10758.txt,4
759,script_10759.txt,5
760,script_10760.txt,3
761,script_10761.txt,5
762,script_10762.txt,4
763,script_10763.txt,6
764,script_10764.txt,4
765,script_10765.txt,0
766,script_10766.txt,5
767,script_10767.txt,1
768,script_10768.txt,4
769,script_10769.txt,5
770,script_10770.txt,0
771,script_10771.txt,5
772,script_10772.txt,4
773,script_10773.txt,0
774,script_10774.txt,0
775,script_10775.txt,0
776,script_10776.txt,3
777,script_10777.txt,1
778,script_10778.txt,3
779,script_10779.txt,1
780,script_10780.txt,4
781,script_10781.txt,3
782,script_10782.txt,3
783,script_10783.txt,3
784,script_10784.txt,5
785,script_10785.txt,1
786,script_10786.txt,3
787,script_10787.txt,1
788,script_10788.txt,3
789,script_10789.txt,6
790,script_10790.txt,1
791,script_10791.txt,1
792,script_10792.txt,3
793,script_10793.txt,3
794,script_10794.txt,4
795,script_10795.txt,3
796,script_10796.txt,5
797,script_10797.txt,1
798,script_10798.txt,6
799,script_10799.txt,5
800,script_10800.txt,3
801,script_10801.txt,1
802,script_10802.txt,6
803,script_10803.txt,1
804,script_10804.txt,0
805,script_10805.txt,3
806,script_10806.txt,1
807,script_10807.txt,0
808,script_10808.txt,4
809,script_10809.txt,5
810,script_10810.txt,0
811,script_10811.txt,6
812,script_10812.txt,0
813,script_10813.txt,5
814,script_10814.txt,3
815,script_10815.txt,1
816,script_10816.txt,3
817,script_10817.txt,0
818,script_10818.txt,3
819,script_10819.txt,6
820,script_10820.txt,5
821,script_10821.txt,4
822,script_10822.txt,0
823,script_10823.txt,6
824,script_10824.txt,1
825,script_10825.txt,4
826,script_10826.txt,3
827,script_10827.txt,3
828,script_10828.txt,3
829,script_10829.txt,0
830,script_10830.txt,4
831,script_10831.txt,0
832,script_10832.txt,4
833,script_10833.txt,1
834,script_10834.txt,4
835,script_10835.txt,4
836,script_10836.txt,4
837,script_10837.txt,4
838,script_10838.txt,5
839,script_10839.txt,1
840,script_10840.txt,0
841,script_10841.txt,3
842,script_10842.txt,3
843,script_10843.txt,5
844,script_10844.txt,5
845,script_10845.txt,5
846,script_10846.txt,0
847,script_10847.txt,5
848,script_10848.txt,0
849,script_10849.txt,6
850,script_10850.txt,3
851,script_10851.txt,4
852,script_10852.txt,0
853,script_10853.txt,3
854,script_10854.txt,6
855,script_10855.txt,3
856,script_10856.txt,5
857,script_10857.txt,5
858,script_10858.txt,0
859,script_10859.txt,3
860,script_10860.txt,0
861,script_10861.txt,5
862,script_10862.txt,5
863,script_10863.txt,3
864,script_10864.txt,4
865,script_10865.txt,5
866,script_10866.txt,4
867,script_10867.txt,0
868,script_10868.txt,5
869,script_10869.txt,5
870,script_10870.txt,1
871,script_10871.txt,5
872,script_10872.txt,4
873,script_10873.txt,3
874,script_10874.txt,4
875,script_10875.txt,3
876,script_10876.txt,3
877,script_10877.txt,4
878,script_10878.txt,4
879,script_10879.txt,4
880,script_10880.txt,0
881,script_10881.txt,4
882,script_10882.txt,4
883,script_10883.txt,0
884,script_10884.txt,3
885,script_10885.txt,4
886,script_10886.txt,3
887,script_10887.txt,4
888,script_10888.txt,3
889,script_10889.txt,1
890,script_10890.txt,0
891,script_10891.txt,3
892,script_10892.txt,0
893,script_10893.txt,1
894,script_10894.txt,0
895,script_10895.txt,1
896,script_10896.txt,6
897,script_10897.txt,1
898,script_10898.txt,4
899,script_10899.txt,4
900,script_10900.txt,3
901,script_10901.txt,0
902,script_10902.txt,0
903,script_10903.txt,3
904,script_10904.txt,4
905,script_10905.txt,5
906,script_10906.txt,4
907,script_10907.txt,3
908,script_10908.txt,3
909,script_10909.txt,0
910,script_10910.txt,1
911,script_10911.txt,0
912,script_10912.txt,5
913,script_10913.txt,0
914,script_10914.txt,5
915,script_10915.txt,4
916,script_10916.txt,4
917,script_10917.txt,0
918,script_10918.txt,1
919,script_10919.txt,0
920,script_10920.txt,5
921,script_10921.txt,0
922,script_10922.txt,4
923,script_10923.txt,5
924,script_10924.txt,0
925,script_10925.txt,4
926,script_10926.txt,4
927,script_10927.txt,3
928,script_10928.txt,5
929,script_10929.txt,4
930,script_10930.txt,0
931,script_10931.txt,5
932,script_10932.txt,5
933,script_10933.txt,4
934,script_10934.txt,4
935,script_10935.txt,1
936,script_10936.txt,3
937,script_10937.txt,0
938,script_10938.txt,3
939,script_10939.txt,3
940,script_10940.txt,5
941,script_10941.txt,1
942,script_10942.txt,6
943,script_10943.txt,5
944,script_10944.txt,3
945,script_10945.txt,3
946,script_10946.txt,2
947,script_10947.txt,0
948,script_10948.txt,1
949,script_10949.txt,5
950,script_10950.txt,3
951,script_10951.txt,3
952,script_10952.txt,5
953,script_10953.txt,3
954,script_10954.txt,3
955,script_10955.txt,4
956,script_10956.txt,3
957,script_10957.txt,3
958,script_10958.txt,3
959,script_10959.txt,1
960,script_10960.txt,4
961,script_10961.txt,4
962,script_10962.txt,4
963,script_10963.txt,1
964,script_10964.txt,3
965,script_10965.txt,5
966,script_10966.txt,6
967,script_10967.txt,4
968,script_10968.txt,4
969,script_10969.txt,5
970,script_10970.txt,5
971,script_10971.txt,3
972,script_10972.txt,4
973,script_10973.txt,0
974,script_10974.txt,5
975,script_10975.txt,3
976,script_10976.txt,3
977,script_10977.txt,0
978,script_10978.txt,0
979,script_10979.txt,6
980,script_10980.txt,0
981,script_10981.txt,4
982,script_10982.txt,4
983,script_10983.txt,1
984,script_10984.txt,5
985,script_10985.txt,5
986,script_10986.txt,3
987,script_10987.txt,1
988,script_10988.txt,0
989,script_10989.txt,2
990,script_10990.txt,4
991,script_10991.txt,4
992,script_10992.txt,4
993,script_10993.txt,3
994,script_10994.txt,3
995,script_10995.txt,1
996,script_10996.txt,0
997,script_10997.txt,4
998,script_10998.txt,0
999,script_10999.txt,5
1000,script_11000.txt,0
1001,script_11001.txt,1
1002,script_11002.txt,1
1003,script_11003.txt,1
1004,script_11004.txt,3
1005,script_11005.txt,1
1006,script_11006.txt,3
1007,script_11007.txt,4
1008,script_11008.txt,4
1009,script_11009.txt,0
1010,script_11010.txt,1
1011,script_11011.txt,3
1012,script_11012.txt,4
1013,script_11013.txt,3
1014,script_11014.txt,1
1015,script_11015.txt,3
1016,script_11016.txt,6
1017,script_11017.txt,1
1018,script_11018.txt,4
1019,script_11019.txt,3
1020,script_11020.txt,0
1021,script_11021.txt,5
1022,script_11022.txt,3
1023,script_11023.txt,5
1024,script_11024.txt,3
1025,script_11025.txt,5
1026,script_11026.txt,1
1027,script_11027.txt,3
1028,script_11028.txt,4
1029,script_11029.txt,5
1030,script_11030.txt,4
1031,script_11031.txt,1
1032,script_11032.txt,3
1033,script_11033.txt,5
1034,script_11034.txt,1
1035,script_11035.txt,1
1036,script_11036.txt,4
1037,script_11037.txt,3
1038,script_11038.txt,4
1039,script_11039.txt,3
1040,script_11040.txt,3
1041,script_11041.txt,5
1042,script_11042.txt,3
1043,script_11043.txt,3
1044,script_11044.txt,3
1045,script_11045.txt,5
1046,script_11046.txt,1
1047,script_11047.txt,4
1048,script_11048.txt,0
1049,script_11049.txt,1
1050,script_11050.txt,3
1051,script_11051.txt,5
1052,script_11052.txt,5
1053,script_11053.txt,4
1054,script_11054.txt,3
1055,script_11055.txt,5
1056,script_11056.txt,1
1057,script_11057.txt,5
1058,script_11058.txt,3
1059,script_11059.txt,3
1060,script_11060.txt,3
1061,script_11061.txt,6
1062,script_11062.txt,4
1063,script_11063.txt,5
1064,script_11064.txt,5
1065,script_11065.txt,4
1066,script_11066.txt,2
1067,script_11067.txt,2
1068,script_11068.txt,4
1069,script_11069.txt,3
1070,script_11070.txt,0
1071,script_11071.txt,4
1072,script_11072.txt,6
1073,script_11073.txt,3
1074,script_11074.txt,4
1075,script_11075.txt,5
1076,script_11076.txt,3
1077,script_11077.txt,4
1078,script_11078.txt,0
1079,script_11079.txt,5
1080,script_11080.txt,3
1081,script_11081.txt,1
1082,script_11082.txt,5
1083,script_11083.txt,4
1084,script_11084.txt,5
1085,script_11085.txt,4
1086,script_11086.txt,5
1087,script_11087.txt,6
1088,script_11088.txt,4
1089,script_11089.txt,3
1090,script_11090.txt,0
1091,script_11091.txt,5
1092,script_11092.txt,3
1093,script_11093.txt,1
1094,script_11094.txt,6
1095,script_11095.txt,0
1096,script_11096.txt,4
1097,script_11097.txt,4
1098,script_11098.txt,6
1099,script_11099.txt,3
1100,script_11100.txt,1
1101,script_11101.txt,4
1102,script_11102.txt,5
1103,script_11103.txt,4
1104,script_11104.txt,2
1105,script_11105.txt,2
1106,script_11106.txt,4
1107,script_11107.txt,3
1108,script_11108.txt,3
1109,script_11109.txt,3
1110,script_11110.txt,1
1111,script_11111.txt,0
1112,script_11112.txt,4
1113,script_11113.txt,5
1114,script_11114.txt,3
1115,script_11115.txt,5
1116,script_11116.txt,1
1117,script_11117.txt,1
1118,script_11118.txt,5
1119,script_11119.txt,3
1120,script_11120.txt,1
1121,script_11121.txt,4
1122,script_11122.txt,0
1123,script_11123.txt,3
1124,script_11124.txt,3
1125,script_11125.txt,0
1126,script_11126.txt,5
1127,script_11127.txt,3
1128,script_11128.txt,5
1129,script_11129.txt,3
1130,script_11130.txt,5
1131,script_11131.txt,2
1132,script_11132.txt,4
1133,script_11133.txt,3
1134,script_11134.txt,3
1135,script_11135.txt,3
1136,script_11136.txt,4
1137,script_11137.txt,0
1138,script_11138.txt,0
1139,script_11139.txt,4
1140,script_11140.txt,5
1141,script_11141.txt,5
1142,script_11142.txt,1
1143,script_11143.txt,4
1144,script_11144.txt,3
1145,script_11145.txt,1
1146,script_11146.txt,1
1147,script_11147.txt,4
1148,script_11148.txt,0
1149,script_11149.txt,4
1150,script_11150.txt,6
1151,script_11151.txt,1
1152,script_11152.txt,1
1153,script_11153.txt,5
1154,script_11154.txt,0
1155,script_11155.txt,4
1156,script_11156.txt,3
1157,script_11157.txt,1
1158,script_11158.txt,0
1159,script_11159.txt,0
1160,script_11160.txt,1
1161,script_11161.txt,0
1162,script_11162.txt,5
1163,script_11163.txt,2
1164,script_11164.txt,3
1165,script_11165.txt,4
1166,script_11166.txt,3
1167,script_11167.txt,3
1168,script_11168.txt,0
1169,script_11169.txt,0
1170,script_11170.txt,1
1171,script_11171.txt,5
1172,script_11172.txt,5
1173,script_11173.txt,4
1174,script_11174.txt,1
1175,script_11175.txt,1
1176,script_11176.txt,4
1177,script_11177.txt,1
1178,script_11178.txt,4
1179,script_11179.txt,3
1180,script_11180.txt,0
1181,script_11181.txt,0
1182,script_11182.txt,4
1183,script_11183.txt,3
1184,script_11184.txt,4
1185,script_11185.txt,5
1186,script_11186.txt,4
1187,script_11187.txt,0
1188,script_11188.txt,5
1189,script_11189.txt,4
1190,script_11190.txt,6
1191,script_11191.txt,5
1192,script_11192.txt,3
1193,script_11193.txt,1
1194,script_11194.txt,4
1195,script_11195.txt,1
1196,script_11196.txt,4
1197,script_11197.txt,5
1198,script_11198.txt,4
1199,script_11199.txt,4
1200,script_11200.txt,3
1201,script_11201.txt,3
1202,script_11202.txt,6
1203,script_11203.txt,4
1204,script_11204.txt,3
1205,script_11205.txt,0
1206,script_11206.txt,1
1207,script_11207.txt,5
1208,script_11208.txt,4
1209,script_11209.txt,5
1210,script_11210.txt,4
1211,script_11211.txt,3
1212,script_11212.txt,1
1213,script_11213.txt,2
1214,script_11214.txt,0
1215,script_11215.txt,4
1216,script_11216.txt,3
1217,script_11217.txt,0
1218,script_11218.txt,0
1219,script_11219.txt,0
1220,script_11220.txt,2
1221,script_11221.txt,5
1222,script_11222.txt,1
1223,script_11223.txt,1
1224,script_11224.txt,1
1225,script_11225.txt,4
1226,script_11226.txt,3
1227,script_11227.txt,1
1228,script_11228.txt,1
1229,script_11229.txt,6
1230,script_11230.txt,3
1231,script_11231.txt,1
1232,script_11232.txt,4
1233,script_11233.txt,6
1234,script_11234.txt,1
1235,script_11235.txt,3
1236,script_11236.txt,5
1237,script_11237.txt,4
1238,script_11238.txt,5
1239,script_11239.txt,0
1240,script_11240.txt,5
1241,script_11241.txt,5
1242,script_11242.txt,4
1243,script_11243.txt,4
1244,script_11244.txt,3
1245,script_11245.txt,0
1246,script_11246.txt,5
1247,script_11247.txt,3
1248,script_11248.txt,3
1249,script_11249.txt,5
1250,script_11250.txt,5
1251,script_11251.txt,3
1252,script_11252.txt,4
1253,script_11253.txt,3
1254,script_11254.txt,1
1255,script_11255.txt,5
1256,script_11256.txt,3
1257,script_11257.txt,4
1258,script_11258.txt,3
1259,script_11259.txt,3
1260,script_11260.txt,3
1261,script_11261.txt,5
1262,script_11262.txt,4
1263,script_11263.txt,1
1264,script_11264.txt,0
1265,script_11265.txt,4
1266,script_11266.txt,0
1267,script_11267.txt,0
1268,script_11268.txt,1
1269,script_11269.txt,3
1270,script_11270.txt,3
1271,script_11271.txt,3
1272,script_11272.txt,3
1273,script_11273.txt,3
1274,script_11274.txt,1
1275,script_11275.txt,3
1276,script_11276.txt,4
1277,script_11277.txt,4
1278,script_11278.txt,5
1279,script_11279.txt,4
1280,script_11280.txt,1
1281,script_11281.txt,5
1282,script_11282.txt,4
1283,script_11283.txt,4
1284,script_11284.txt,5
1285,script_11285.txt,5
1286,script_11286.txt,1
1287,script_11287.txt,4
1288,script_11288.txt,3
1289,script_11289.txt,3
1290,script_11290.txt,0
1291,script_11291.txt,2
1292,script_11292.txt,4
1293,script_11293.txt,3
1294,script_11294.txt,3
1295,script_11295.txt,6
1296,script_11296.txt,3
1297,script_11297.txt,6
1298,script_11298.txt,0
1299,script_11299.txt,0
1300,script_11300.txt,5
1301,script_11301.txt,4
1302,script_11302.txt,5
1303,script_11303.txt,3
1304,script_11304.txt,0
1305,script_11305.txt,1
1306,script_11306.txt,0
1307,script_11307.txt,5
1308,script_11308.txt,3
1309,script_11309.txt,4
1310,script_11310.txt,3
1311,script_11311.txt,5
1312,script_11312.txt,2
1313,script_11313.txt,0
1314,script_11314.txt,4
1315,script_11315.txt,3
1316,script_11316.txt,3
1317,script_11317.txt,4
1318,script_11318.txt,5
1319,script_11319.txt,4
1320,script_11320.txt,4
1321,script_11321.txt,4
1322,script_11322.txt,3
1323,script_11323.txt,5
1324,script_11324.txt,3
1325,script_11325.txt,3
1326,script_11326.txt,4
1327,script_11327.txt,3
1328,script_11328.txt,3
1329,script_11329.txt,4
1330,script_11330.txt,3
1331,script_11331.txt,1
1332,script_11332.txt,1
1333,script_11333.txt,5
1334,script_11334.txt,3
1335,script_11335.txt,1
1336,script_11336.txt,6
1337,script_11337.txt,3
1338,script_11338.txt,3
1339,script_11339.txt,4
1340,script_11340.txt,3
1341,script_11341.txt,4
1342,script_11342.txt,3
1343,script_11343.txt,2
1344,script_11344.txt,4
1345,script_11345.txt,5
1346,script_11346.txt,5
1347,script_11347.txt,3
1348,script_11348.txt,3
1349,script_11349.txt,0
1350,script_11350.txt,4
1351,script_11351.txt,4
1352,script_11352.txt,3
1353,script_11353.txt,5
1354,script_11354.txt,0
1355,script_11355.txt,5
1356,script_11356.txt,0
1357,script_11357.txt,3
1358,script_11358.txt,1
1359,script_11359.txt,3
1360,script_11360.txt,4
1361,script_11361.txt,1
1362,script_11362.txt,3
1363,script_11363.txt,3
1364,script_11364.txt,5
1365,script_11365.txt,1
1366,script_11366.txt,0
1367,script_11367.txt,6
1368,script_11368.txt,5
1369,script_11369.txt,4
1370,script_11370.txt,1
1371,script_11371.txt,4
1372,script_11372.txt,6
1373,script_11373.txt,0
1374,script_11374.txt,1
1375,script_11375.txt,0
1376,script_11376.txt,3
1377,script_11377.txt,1
1378,script_11378.txt,0
1379,script_11379.txt,1
1380,script_11380.txt,0
1381,script_11381.txt,5
1382,script_11382.txt,1
1383,script_11383.txt,4
1384,script_11384.txt,1
1385,script_11385.txt,4
1386,script_11386.txt,3
1387,script_11387.txt,6
1388,script_11388.txt,3
1389,script_11389.txt,4
1390,script_11390.txt,3
1391,script_11391.txt,1
1392,script_11392.txt,5
1393,script_11393.txt,0
1394,script_11394.txt,0
1395,script_11395.txt,4
1396,script_11396.txt,4
1397,script_11397.txt,0
1398,script_11398.txt,3
1399,script_11399.txt,4
1400,script_11400.txt,3
1401,script_11401.txt,5
1402,script_11402.txt,1
1403,script_11403.txt,1
1404,script_11404.txt,5
1405,script_11405.txt,4
1406,script_11406.txt,1
1407,script_11407.txt,3
1408,script_11408.txt,0
1409,script_11409.txt,1
1410,script_11410.txt,5
1411,script_11411.txt,3
1412,script_11412.txt,5
1413,script_11413.txt,0
1414,script_11414.txt,3
1415,script_11415.txt,4
1416,script_11416.txt,0
1417,script_11417.txt,2
1418,script_11418.txt,0
1419,script_11419.txt,4
1420,script_11420.txt,6
1421,script_11421.txt,3
1422,script_11422.txt,3
1423,script_11423.txt,4
1424,script_11424.txt,3
1425,script_11425.txt,1
1426,script_11426.txt,3
1427,script_11427.txt,3
1428,script_11428.txt,0
1429,script_11429.txt,1
1430,script_11430.txt,3
1431,script_11431.txt,0
1432,script_11432.txt,3
1433,script_11433.txt,5
1434,script_11434.txt,6
1435,script_11435.txt,6
1436,script_11436.txt,5
1437,script_11437.txt,0
1438,script_11438.txt,5
1439,script_11439.txt,5
1440,script_11440.txt,3
1441,script_11441.txt,0
1442,script_11442.txt,0
1443,script_11443.txt,1
1444,script_11444.txt,5
1445,script_11445.txt,3
1446,script_11446.txt,4
1447,script_11447.txt,0
1448,script_11448.txt,1
1449,script_11449.txt,0
1450,script_11450.txt,3
1451,script_11451.txt,5
1452,script_11452.txt,3
1453,script_11453.txt,0
1454,script_11454.txt,3
1455,script_11455.txt,5
1456,script_11456.txt,3
1457,script_11457.txt,1
1458,script_11458.txt,4
1459,script_11459.txt,4
1460,script_11460.txt,0
1461,script_11461.txt,3
1462,script_11462.txt,5
1463,script_11463.txt,6
1464,script_11464.txt,3
1465,script_11465.txt,1
1466,script_11466.txt,3
1467,script_11467.txt,4
1468,script_11468.txt,5
1469,script_11469.txt,3
1470,script_11470.txt,0
1471,script_11471.txt,1
1472,script_11472.txt,6
1473,script_11473.txt,3
1474,script_11474.txt,3
1475,script_11475.txt,4
1476,script_11476.txt,4
1477,script_11477.txt,0
1478,script_11478.txt,3
1479,script_11479.txt,4
1480,script_11480.txt,1
1481,script_11481.txt,5
1482,script_11482.txt,3
1483,script_11483.txt,1
1484,script_11484.txt,4
1485,script_11485.txt,0
1486,script_11486.txt,6
1487,script_11487.txt,3
1488,script_11488.txt,0
1489,script_11489.txt,0
1490,script_11490.txt,5
1491,script_11491.txt,2
1492,script_11492.txt,5
1493,script_11493.txt,4
1494,script_11494.txt,1
1495,script_11495.txt,1
1496,script_11496.txt,6
1497,script_11497.txt,3
1498,script_11498.txt,5
1499,script_11499.txt,5
1500,script_11500.txt,4
1501,script_11501.txt,5
1502,script_11502.txt,3
1503,script_11503.txt,5
1504,script_11504.txt,4
1505,script_11505.txt,1
1506,script_11506.txt,2
1507,script_11507.txt,0
1508,script_11508.txt,3
1509,script_11509.txt,1
1510,script_11510.txt,3
1511,script_11511.txt,5
1512,script_11512.txt,1
1513,script_11513.txt,3
1514,script_11514.txt,0
1515,script_11515.txt,6
1516,script_11516.txt,3
1517,script_11517.txt,3
1518,script_11518.txt,4
1519,script_11519.txt,3
1520,script_11520.txt,5
1521,script_11521.txt,5
1522,script_11522.txt,2
1523,script_11523.txt,3
1524,script_11524.txt,1
1525,script_11525.txt,2
1526,script_11526.txt,1
1527,script_11527.txt,3
1528,script_11528.txt,5
1529,script_11529.txt,3
1530,script_11530.txt,0
1531,script_11531.txt,3
1532,script_11532.txt,0
1533,script_11533.txt,3
1534,script_11534.txt,4
1535,script_11535.txt,6
1536,script_11536.txt,4
1537,script_11537.txt,3
1538,script_11538.txt,3
1539,script_11539.txt,5
1540,script_11540.txt,4
1541,script_11541.txt,5
1542,script_11542.txt,4
1543,script_11543.txt,3
1544,script_11544.txt,3
1545,script_11545.txt,3
1546,script_11546.txt,1
1547,script_11547.txt,4
1548,script_11548.txt,5
1549,script_11549.txt,0
1550,script_11550.txt,3
1551,script_11551.txt,5
1552,script_11552.txt,0
1553,script_11553.txt,5
1554,script_11554.txt,5
1555,script_11555.txt,0
1556,script_11556.txt,3
1557,script_11557.txt,3
1558,script_11558.txt,4
1559,script_11559.txt,3
1560,script_11560.txt,4
1561,script_11561.txt,0
1562,script_11562.txt,4
1563,script_11563.txt,1
1564,script_11564.txt,3
1565,script_11565.txt,1
1566,script_11566.txt,4
1567,script_11567.txt,5
1568,script_11568.txt,4
1569,script_11569.txt,4
1570,script_11570.txt,1
1571,script_11571.txt,3
1572,script_11572.txt,3
1573,script_11573.txt,6
1574,script_11574.txt,5
1575,script_11575.txt,6
1576,script_11576.txt,4
1577,script_11577.txt,0
1578,script_11578.txt,4
1579,script_11579.txt,3
1580,script_11580.txt,3
1581,script_11581.txt,4
1582,script_11582.txt,1
1583,script_11583.txt,3
1584,script_11584.txt,4
1585,script_11585.txt,4
1586,script_11586.txt,3
1587,script_11587.txt,1
1588,script_11588.txt,4
1589,script_11589.txt,3
1590,script_11590.txt,4
1591,script_11591.txt,4
1592,script_11592.txt,4
1593,script_11593.txt,3
1594,script_11594.txt,3
1595,script_11595.txt,0
1596,script_11596.txt,3
1597,script_11597.txt,3
1598,script_11598.txt,3
1599,script_11599.txt,3
1600,script_11600.txt,6
1601,script_11601.txt,4
1602,script_11602.txt,0
1603,script_11603.txt,4
1604,script_11604.txt,4
1605,script_11605.txt,4
1606,script_11606.txt,1
1607,script_11607.txt,4
1608,script_11608.txt,3
1609,script_11609.txt,5
1610,script_11610.txt,3
1611,script_11611.txt,5
1612,script_11612.txt,4
1613,script_11613.txt,0
1614,script_11614.txt,4
1615,script_11615.txt,0
1616,script_11616.txt,3
1617,script_11617.txt,1
1618,script_11618.txt,2
1619,script_11619.txt,4
1620,script_11620.txt,3
1621,script_11621.txt,3
1622,script_11622.txt,1
1623,script_11623.txt,3
1624,script_11624.txt,4
1625,script_11625.txt,4
1626,script_11626.txt,4
1627,script_11627.txt,3
1628,script_11628.txt,5
1629,script_11629.txt,3
1630,script_11630.txt,5
1631,script_11631.txt,2
1632,script_11632.txt,3
1633,script_11633.txt,3
1634,script_11634.txt,4
1635,script_11635.txt,4
1636,script_11636.txt,2
1637,script_11637.txt,3
1638,script_11638.txt,5
1639,script_11639.txt,1
1640,script_11640.txt,4
1641,script_11641.txt,4
1642,script_11642.txt,4
1643,script_11643.txt,1
1644,script_11644.txt,3
1645,script_11645.txt,3
1646,script_11646.txt,4
1647,script_11647.txt,0
1648,script_11648.txt,1
1649,script_11649.txt,2
1650,script_11650.txt,4
1651,script_11651.txt,0
1652,script_11652.txt,4
1653,script_11653.txt,3
1654,script_11654.txt,3
1655,script_11655.txt,5
1656,script_11656.txt,4
1657,script_11657.txt,3
1658,script_11658.txt,5
1659,script_11659.txt,0
1660,script_11660.txt,4
1661,script_11661.txt,3
1662,script_11662.txt,3
1663,script_11663.txt,5
1664,script_11664.txt,0
1665,script_11665.txt,5
1666,script_11666.txt,2
1667,script_11667.txt,3
1668,script_11668.txt,4
1669,script_11669.txt,2
1670,script_11670.txt,1
1671,script_11671.txt,4
1672,script_11672.txt,3
1673,script_11673.txt,3
1674,script_11674.txt,4
1675,script_11675.txt,5
1676,script_11676.txt,3
1677,script_11677.txt,6
1678,script_11678.txt,0
1679,script_11679.txt,4
1680,script_11680.txt,0
1681,script_11681.txt,3
1682,script_11682.txt,1
1683,script_11683.txt,3
1684,script_11684.txt,3
1685,script_11685.txt,2
1686,script_11686.txt,0
1687,script_11687.txt,1
1688,script_11688.txt,4
1689,script_11689.txt,4
1690,script_11690.txt,5
1691,script_11691.txt,4
1692,script_11692.txt,0
1693,script_11693.txt,3
1694,script_11694.txt,6
1695,script_11695.txt,4
1696,script_11696.txt,5
1697,script_11697.txt,0
1698,script_11698.txt,4
1699,script_11699.txt,3
1700,script_11700.txt,4
1701,script_11701.txt,6
1702,script_11702.txt,4
1703,script_11703.txt,3
1704,script_11704.txt,4
1705,script_11705.txt,3
1706,script_11706.txt,5
1707,script_11707.txt,4
1708,script_11708.txt,1
1709,script_11709.txt,2
1710,script_11710.txt,3
1711,script_11711.txt,4
1712,script_11712.txt,6
1713,script_11713.txt,1
1714,script_11714.txt,4
1715,script_11715.txt,4
1716,script_11716.txt,4
1717,script_11717.txt,5
1718,script_11718.txt,5
1719,script_11719.txt,5
1720,script_11720.txt,4
1721,script_11721.txt,5
1722,script_11722.txt,3
1723,script_11723.txt,4
1724,script_11724.txt,3
1725,script_11725.txt,4
1726,script_11726.txt,3
1727,script_11727.txt,1
1728,script_11728.txt,1
1729,script_11729.txt,3
1730,script_11730.txt,4
1731,script_11731.txt,1
1732,script_11732.txt,3
1733,script_11733.txt,3
1734,script_11734.txt,1
1735,script_11735.txt,6
1736,script_11736.txt,4
1737,script_11737.txt,3
1738,script_11738.txt,4
1739,script_11739.txt,3
1740,script_11740.txt,1
1741,script_11741.txt,5
1742,script_11742.txt,4
1743,script_11743.txt,4
1744,script_11744.txt,3
1745,script_11745.txt,4
1746,script_11746.txt,5
1747,script_11747.txt,4
1748,script_11748.txt,1
1749,script_11749.txt,3
1750,script_11750.txt,4
1751,script_11751.txt,6
1752,script_11752.txt,4
1753,script_11753.txt,3
1754,script_11754.txt,0
1755,script_11755.txt,5
1756,script_11756.txt,4
1757,script_11757.txt,3
1758,script_11758.txt,4
1759,script_11759.txt,3
1760,script_11760.txt,3
1761,script_11761.txt,1
1762,script_11762.txt,4
1763,script_11763.txt,3
1764,script_11764.txt,3
1765,script_11765.txt,3
1766,script_11766.txt,4
1767,script_11767.txt,6
1768,script_11768.txt,4
1769,script_11769.txt,3
1770,script_11770.txt,0
1771,script_11771.txt,2
1772,script_11772.txt,4
1773,script_11773.txt,3
1774,script_11774.txt,1
1775,script_11775.txt,4
1776,script_11776.txt,5
1777,script_11777.txt,0
1778,script_11778.txt,3
1779,script_11779.txt,4
1780,script_11780.txt,3
1781,script_11781.txt,1
1782,script_11782.txt,6
1783,script_11783.txt,0
1784,script_11784.txt,3
1785,script_11785.txt,0
1786,script_11786.txt,3
1787,script_11787.txt,5
1788,script_11788.txt,3
1789,script_11789.txt,5
1790,script_11790.txt,4
1791,script_11791.txt,3
1792,script_11792.txt,3
1793,script_11793.txt,3
1794,script_11794.txt,3
1795,script_11795.txt,1
1796,script_11796.txt,2
1797,script_11797.txt,5
1798,script_11798.txt,3
1799,script_11799.txt,3
1800,script_11800.txt,0
1801,script_11801.txt,6
1802,script_11802.txt,0
1803,script_11803.txt,3
1804,script_11804.txt,1
1805,script_11805.txt,4
1806,script_11806.txt,4
1807,script_11807.txt,4
1808,script_11808.txt,3
1809,script_11809.txt,3
1810,script_11810.txt,6
1811,script_11811.txt,5
1812,script_11812.txt,5
1813,script_11813.txt,2
1814,script_11814.txt,1
1815,script_11815.txt,5
1816,script_11816.txt,1
1817,script_11817.txt,1
1818,script_11818.txt,4
1819,script_11819.txt,4
1820,script_11820.txt,4
1821,script_11821.txt,1
1822,script_11822.txt,6
1823,script_11823.txt,3
1824,script_11824.txt,0
1825,script_11825.txt,0
1826,script_11826.txt,3
1827,script_11827.txt,4
1828,script_11828.txt,1
1829,script_11829.txt,4
1830,script_11830.txt,0
1831,script_11831.txt,6
1832,script_11832.txt,3
1833,script_11833.txt,3
1834,script_11834.txt,4
1835,script_11835.txt,5
1836,script_11836.txt,1
1837,script_11837.txt,3
1838,script_11838.txt,3
1839,script_11839.txt,6
1840,script_11840.txt,1
1841,script_11841.txt,0
1842,script_11842.txt,5
1843,script_11843.txt,2
1844,script_11844.txt,1
1845,script_11845.txt,1
1846,script_11846.txt,5
1847,script_11847.txt,3
1848,script_11848.txt,3
1849,script_11849.txt,5
1850,script_11850.txt,3
1851,script_11851.txt,6
1852,script_11852.txt,4
1853,script_11853.txt,1
1854,script_11854.txt,3
1855,script_11855.txt,4
1856,script_11856.txt,3
1857,script_11857.txt,4
1858,script_11858.txt,4
1859,script_11859.txt,1
1860,script_11860.txt,4
1861,script_11861.txt,5
1862,script_11862.txt,3
1863,script_11863.txt,1
1864,script_11864.txt,4
1865,script_11865.txt,1
1866,script_11866.txt,5
1867,script_11867.txt,3
1868,script_11868.txt,4
1869,script_11869.txt,0
1870,script_11870.txt,3
1871,script_11871.txt,0
1872,script_11872.txt,1
1873,script_11873.txt,3
1874,script_11874.txt,3
1875,script_11875.txt,0
1876,script_11876.txt,1
1877,script_11877.txt,1
1878,script_11878.txt,4
1879,script_11879.txt,3
1880,script_11880.txt,3
1881,script_11881.txt,0
1882,script_11882.txt,4
1883,script_11883.txt,3
1884,script_11884.txt,6
1885,script_11885.txt,1
1886,script_11886.txt,3
1887,script_11887.txt,3
1888,script_11888.txt,5
1889,script_11889.txt,2
1890,script_11890.txt,6
1891,script_11891.txt,3
1892,script_11892.txt,4
1893,script_11893.txt,1
1894,script_11894.txt,4
1895,script_11895.txt,4
1896,script_11896.txt,1
1897,script_11897.txt,1
1898,script_11898.txt,3
1899,script_11899.txt,3
1900,script_11900.txt,5
1901,script_11901.txt,3
1902,script_11902.txt,0
1903,script_11903.txt,3
1904,script_11904.txt,3
1905,script_11905.txt,3
1906,script_11906.txt,5
1907,script_11907.txt,3
1908,script_11908.txt,1
1909,script_11909.txt,1
1910,script_11910.txt,1
1911,script_11911.txt,3
1912,script_11912.txt,1
1913,script_11913.txt,5
1914,script_11914.txt,3
1915,script_11915.txt,1
1916,script_11916.txt,3
1917,script_11917.txt,3
1918,script_11918.txt,1
1919,script_11919.txt,5
1920,script_11920.txt,3
1921,script_11921.txt,5
1922,script_11922.txt,3
1923,script_11923.txt,4
1924,script_11924.txt,1
1925,script_11925.txt,0
1926,script_11926.txt,3
1927,script_11927.txt,0
1928,script_11928.txt,6
1929,script_11929.txt,1
1930,script_11930.txt,5
1931,script_11931.txt,3
1932,script_11932.txt,4
1933,script_11933.txt,4
1934,script_11934.txt,3
1935,script_11935.txt,5
1936,script_11936.txt,4
1937,script_11937.txt,1
1938,script_11938.txt,0
1939,script_11939.txt,3
1940,script_11940.txt,4
1941,script_11941.txt,0
1942,script_11942.txt,3
1943,script_11943.txt,4
1944,script_11944.txt,5
1945,script_11945.txt,1
1946,script_11946.txt,4
1947,script_11947.txt,4
1948,script_11948.txt,5
1949,script_11949.txt,5
1950,script_11950.txt,5
1951,script_11951.txt,3
1952,script_11952.txt,0
1953,script_11953.txt,4
1954,script_11954.txt,4
1955,script_11955.txt,6
1956,script_11956.txt,3
1957,script_11957.txt,6
1958,script_11958.txt,0
1959,script_11959.txt,3
1960,script_11960.txt,4
1961,script_11961.txt,4
1962,script_11962.txt,1
1963,script_11963.txt,1
1964,script_11964.txt,0
1965,script_11965.txt,4
1966,script_11966.txt,5
1967,script_11967.txt,5
1968,script_11968.txt,3
1969,script_11969.txt,4
1970,script_11970.txt,3
1971,script_11971.txt,3
1972,script_11972.txt,4
1973,script_11973.txt,5
1974,script_11974.txt,5
1975,script_11975.txt,3
1976,script_11976.txt,3
1977,script_11977.txt,1
1978,script_11978.txt,0
1979,script_11979.txt,1
1980,script_11980.txt,4
1981,script_11981.txt,0
1982,script_11982.txt,5
1983,script_11983.txt,3
1984,script_11984.txt,3
1985,script_11985.txt,5
1986,script_11986.txt,3
1987,script_11987.txt,0
1988,script_11988.txt,0
1989,script_11989.txt,3
1990,script_11990.txt,3
1991,script_11991.txt,0
1992,script_11992.txt,0
1993,script_11993.txt,4
1994,script_11994.txt,3
1995,script_11995.txt,0
1996,script_11996.txt,4
1997,script_11997.txt,3
1998,script_11998.txt,1
1999,script_11999.txt,4
2000,script_12000.txt,5
2001,script_12001.txt,0
2002,script_12002.txt,0
2003,script_12003.txt,1
2004,script_12004.txt,1
2005,script_12005.txt,5
2006,script_12006.txt,3
2007,script_12007.txt,5
2008,script_12008.txt,4
2009,script_12009.txt,4
2010,script_12010.txt,0
2011,script_12011.txt,3
2012,script_12012.txt,0
2013,script_12013.txt,3
2014,script_12014.txt,0
2015,script_12015.txt,0
2016,script_12016.txt,4
2017,script_12017.txt,5
2018,script_12018.txt,4
2019,script_12019.txt,0
2020,script_12020.txt,4
2021,script_12021.txt,3
2022,script_12022.txt,0
2023,script_12023.txt,3
2024,script_12024.txt,3
2025,script_12025.txt,3
2026,script_12026.txt,3
2027,script_12027.txt,4
2028,script_12028.txt,1
2029,script_12029.txt,3
2030,script_12030.txt,0
2031,script_12031.txt,4
2032,script_12032.txt,5
2033,script_12033.txt,4
2034,script_12034.txt,1
2035,script_12035.txt,3
2036,script_12036.txt,4
2037,script_12037.txt,0
2038,script_12038.txt,4
2039,script_12039.txt,3
2040,script_12040.txt,4
2041,script_12041.txt,1
2042,script_12042.txt,3
2043,script_12043.txt,6
2044,script_12044.txt,2
2045,script_12045.txt,4
2046,script_12046.txt,0
2047,script_12047.txt,5
2048,script_12048.txt,3
2049,script_12049.txt,5
2050,script_12050.txt,3
2051,script_12051.txt,5
2052,script_12052.txt,4
2053,script_12053.txt,4
2054,script_12054.txt,3
2055,script_12055.txt,4
2056,script_12056.txt,0
2057,script_12057.txt,4
2058,script_12058.txt,3
2059,script_12059.txt,4
2060,script_12060.txt,4
2061,script_12061.txt,4
2062,script_12062.txt,4
2063,script_12063.txt,3
2064,script_12064.txt,6
2065,script_12065.txt,0
2066,script_12066.txt,3
2067,script_12067.txt,4
2068,script_12068.txt,5
2069,script_12069.txt,0
2070,script_12070.txt,1
2071,script_12071.txt,3
2072,script_12072.txt,5
2073,script_12073.txt,1
2074,script_12074.txt,5
2075,script_12075.txt,4
2076,script_12076.txt,0
2077,script_12077.txt,3
2078,script_12078.txt,4
2079,script_12079.txt,3
2080,script_12080.txt,3
2081,script_12081.txt,4
2082,script_12082.txt,0
2083,script_12083.txt,1
2084,script_12084.txt,3
2085,script_12085.txt,1
2086,script_12086.txt,4
2087,script_12087.txt,5
2088,script_12088.txt,5
2089,script_12089.txt,1
2090,script_12090.txt,5
2091,script_12091.txt,0
2092,script_12092.txt,3
2093,script_12093.txt,5
2094,script_12094.txt,3
2095,script_12095.txt,1
2096,script_12096.txt,5
2097,script_12097.txt,3
2098,script_12098.txt,5
2099,script_12099.txt,3
2100,script_12100.txt,5
2101,script_12101.txt,4
2102,script_12102.txt,4
2103,script_12103.txt,4
2104,script_12104.txt,4
2105,script_12105.txt,4
2106,script_12106.txt,3
2107,script_12107.txt,0
2108,script_12108.txt,1
2109,script_12109.txt,3
2110,script_12110.txt,5
2111,script_12111.txt,3
2112,script_12112.txt,0
2113,script_12113.txt,5
2114,script_12114.txt,6
2115,script_12115.txt,1
2116,script_12116.txt,3
2117,script_12117.txt,4
2118,script_12118.txt,5
2119,script_12119.txt,4
2120,script_12120.txt,1
2121,script_12121.txt,4
2122,script_12122.txt,3
2123,script_12123.txt,1
2124,script_12124.txt,0
2125,script_12125.txt,4
2126,script_12126.txt,5
2127,script_12127.txt,3
2128,script_12128.txt,6
2129,script_12129.txt,0
2130,script_12130.txt,6
2131,script_12131.txt,1
2132,script_12132.txt,4
2133,script_12133.txt,6
2134,script_12134.txt,3
2135,script_12135.txt,5
2136,script_12136.txt,3
2137,script_12137.txt,2
2138,script_12138.txt,3
2139,script_12139.txt,1
2140,script_12140.txt,5
2141,script_12141.txt,0
2142,script_12142.txt,1
2143,script_12143.txt,3
2144,script_12144.txt,6
2145,script_12145.txt,3
2146,script_12146.txt,0
2147,script_12147.txt,1
2148,script_12148.txt,0
2149,script_12149.txt,3
2150,script_12150.txt,0
2151,script_12151.txt,4
2152,script_12152.txt,3
2153,script_12153.txt,3
2154,script_12154.txt,4
2155,script_12155.txt,6
2156,script_12156.txt,1
2157,script_12157.txt,3
2158,script_12158.txt,5
2159,script_12159.txt,0
2160,script_12160.txt,4
2161,script_12161.txt,4
2162,script_12162.txt,4
2163,script_12163.txt,3
2164,script_12164.txt,4
2165,script_12165.txt,4
2166,script_12166.txt,4
2167,script_12167.txt,4
2168,script_12168.txt,6
2169,script_12169.txt,0
2170,script_12170.txt,5
2171,script_12171.txt,0
2172,script_12172.txt,1
2173,script_12173.txt,4
2174,script_12174.txt,1
2175,script_12175.txt,4
2176,script_12176.txt,3
2177,script_12177.txt,3
2178,script_12178.txt,4
2179,script_12179.txt,5
2180,script_12180.txt,1
2181,script_12181.txt,5
2182,script_12182.txt,5
2183,script_12183.txt,0
2184,script_12184.txt,3
2185,script_12185.txt,3
2186,script_12186.txt,1
2187,script_12187.txt,3
2188,script_12188.txt,6
2189,script_12189.txt,4
2190,script_12190.txt,3
2191,script_12191.txt,4
2192,script_12192.txt,5
2193,script_12193.txt,3
2194,script_12194.txt,5
2195,script_12195.txt,1
2196,script_12196.txt,4
2197,script_12197.txt,3
2198,script_12198.txt,0
2199,script_12199.txt,3
2200,script_12200.txt,5
2201,script_12201.txt,5
2202,script_12202.txt,5
2203,script_12203.txt,3
2204,script_12204.txt,4
2205,script_12205.txt,5
2206,script_12206.txt,0
2207,script_12207.txt,6
2208,script_12208.txt,1
2209,script_12209.txt,4
2210,script_12210.txt,3
2211,script_12211.txt,4
2212,script_12212.txt,0
2213,script_12213.txt,2
2214,script_12214.txt,1
2215,script_12215.txt,1
2216,script_12216.txt,4
2217,script_12217.txt,5
2218,script_12218.txt,0
2219,script_12219.txt,5
2220,script_12220.txt,3
2221,script_12221.txt,2
2222,script_12222.txt,3
2223,script_12223.txt,5
2224,script_12224.txt,4
2225,script_12225.txt,4
2226,script_12226.txt,1
2227,script_12227.txt,5
2228,script_12228.txt,1
2229,script_12229.txt,3
2230,script_12230.txt,5
2231,script_12231.txt,4
2232,script_12232.txt,5
2233,script_12233.txt,4
2234,script_12234.txt,3
2235,script_12235.txt,3
2236,script_12236.txt,3
2237,script_12237.txt,5
2238,script_12238.txt,4
2239,script_12239.txt,3
2240,script_12240.txt,5
2241,script_12241.txt,0
2242,script_12242.txt,3
2243,script_12243.txt,5
2244,script_12244.txt,0
2245,script_12245.txt,4
2246,script_12246.txt,3
2247,script_12247.txt,5
2248,script_12248.txt,3
2249,script_12249.txt,3
2250,script_12250.txt,5
2251,script_12251.txt,4
2252,script_12252.txt,3
2253,script_12253.txt,1
2254,script_12254.txt,2
2255,script_12255.txt,5
2256,script_12256.txt,3
2257,script_12257.txt,4
2258,script_12258.txt,4
2259,script_12259.txt,3
2260,script_12260.txt,3
2261,script_12261.txt,3
2262,script_12262.txt,4
2263,script_12263.txt,3
2264,script_12264.txt,5
2265,script_12265.txt,6
2266,script_12266.txt,0
2267,script_12267.txt,3
2268,script_12268.txt,3
2269,script_12269.txt,5
2270,script_12270.txt,1
2271,script_12271.txt,4
2272,script_12272.txt,5
2273,script_12273.txt,3
2274,script_12274.txt,5
2275,script_12275.txt,0
2276,script_12276.txt,1
2277,script_12277.txt,3
2278,script_12278.txt,1
2279,script_12279.txt,3
2280,script_12280.txt,0
2281,script_12281.txt,4
2282,script_12282.txt,6
2283,script_12283.txt,3
2284,script_12284.txt,3
2285,script_12285.txt,5
2286,script_12286.txt,3
2287,script_12287.txt,4
2288,script_12288.txt,5
2289,script_12289.txt,0
2290,script_12290.txt,4
2291,script_12291.txt,3
2292,script_12292.txt,0
2293,script_12293.txt,5
2294,script_12294.txt,0
2295,script_12295.txt,5
2296,script_12296.txt,6
2297,script_12297.txt,3
2298,script_12298.txt,5
2299,script_12299.txt,2
2300,script_12300.txt,5
2301,script_12301.txt,4
2302,script_12302.txt,5
2303,script_12303.txt,1
2304,script_12304.txt,5
2305,script_12305.txt,1
2306,script_12306.txt,3
2307,script_12307.txt,1
2308,script_12308.txt,5
2309,script_12309.txt,4
2310,script_12310.txt,5
2311,script_12311.txt,5
2312,script_12312.txt,3
2313,script_12313.txt,4
2314,script_12314.txt,6
2315,script_12315.txt,4
2316,script_12316.txt,2
2317,script_12317.txt,3
2318,script_12318.txt,4
2319,script_12319.txt,3
2320,script_12320.txt,1
2321,script_12321.txt,3
2322,script_12322.txt,3
2323,script_12323.txt,6
2324,script_12324.txt,3
2325,script_12325.txt,0
2326,script_12326.txt,4
2327,script_12327.txt,0
2328,script_12328.txt,5
2329,script_12329.txt,5
2330,script_12330.txt,3
2331,script_12331.txt,0
2332,script_12332.txt,4
2333,script_12333.txt,0
2334,script_12334.txt,4
2335,script_12335.txt,3
2336,script_12336.txt,1
2337,script_12337.txt,1
2338,script_12338.txt,0
2339,script_12339.txt,6
2340,script_12340.txt,3
2341,script_12341.txt,0
2342,script_12342.txt,4
2343,script_12343.txt,3
2344,script_12344.txt,0
2345,script_12345.txt,3
2346,script_12346.txt,0
2347,script_12347.txt,3
2348,script_12348.txt,1
2349,script_12349.txt,4
2350,script_12350.txt,4
2351,script_12351.txt,0
2352,script_12352.txt,4
2353,script_12353.txt,0
2354,script_12354.txt,3
2355,script_12355.txt,3
2356,script_12356.txt,5
2357,script_12357.txt,0
2358,script_12358.txt,4
2359,script_12359.txt,3
2360,script_12360.txt,3
2361,script_12361.txt,6
2362,script_12362.txt,4
2363,script_12363.txt,3
2364,script_12364.txt,1
2365,script_12365.txt,3
2366,script_12366.txt,5
2367,script_12367.txt,3
2368,script_12368.txt,2
2369,script_12369.txt,3
2370,script_12370.txt,0
2371,script_12371.txt,1
2372,script_12372.txt,4
2373,script_12373.txt,4
2374,script_12374.txt,1
2375,script_12375.txt,4
2376,script_12376.txt,3
2377,script_12377.txt,0
2378,script_12378.txt,3
2379,script_12379.txt,3
2380,script_12380.txt,5
2381,script_12381.txt,3
2382,script_12382.txt,5
2383,script_12383.txt,4
2384,script_12384.txt,0
2385,script_12385.txt,5
2386,script_12386.txt,2
2387,script_12387.txt,6
2388,script_12388.txt,3
2389,script_12389.txt,3
2390,script_12390.txt,5
2391,script_12391.txt,5
2392,script_12392.txt,5
2393,script_12393.txt,5
2394,script_12394.txt,3
2395,script_12395.txt,2
2396,script_12396.txt,0
2397,script_12397.txt,1
2398,script_12398.txt,3
2399,script_12399.txt,3
2400,script_12400.txt,5
2401,script_12401.txt,5
2402,script_12402.txt,0
2403,script_12403.txt,5
2404,script_12404.txt,0
2405,script_12405.txt,4
2406,script_12406.txt,5
2407,script_12407.txt,5
2408,script_12408.txt,3
2409,script_12409.txt,1
2410,script_12410.txt,1
2411,script_12411.txt,1
2412,script_12412.txt,5
2413,script_12413.txt,1
2414,script_12414.txt,1
2415,script_12415.txt,1
2416,script_12416.txt,2
2417,script_12417.txt,3
2418,script_12418.txt,1
2419,script_12419.txt,4
2420,script_12420.txt,3
2421,script_12421.txt,4
2422,script_12422.txt,5
2423,script_12423.txt,3
2424,script_12424.txt,5
2425,script_12425.txt,5
2426,script_12426.txt,5
2427,script_12427.txt,4
2428,script_12428.txt,3
2429,script_12429.txt,4
2430,script_12430.txt,3
2431,script_12431.txt,5
2432,script_12432.txt,4
2433,script_12433.txt,4
2434,script_12434.txt,6
2435,script_12435.txt,3
2436,script_12436.txt,1
2437,script_12437.txt,0
2438,script_12438.txt,3
2439,script_12439.txt,1
2440,script_12440.txt,3
2441,script_12441.txt,3
2442,script_12442.txt,5
2443,script_12443.txt,0
2444,script_12444.txt,4
2445,script_12445.txt,3
2446,script_12446.txt,1
2447,script_12447.txt,4
2448,script_12448.txt,3
2449,script_12449.txt,4
2450,script_12450.txt,4
2451,script_12451.txt,3
2452,script_12452.txt,3
2453,script_12453.txt,1
2454,script_12454.txt,5
2455,script_12455.txt,5
2456,script_12456.txt,1
2457,script_12457.txt,5
2458,script_12458.txt,5
2459,script_12459.txt,4
2460,script_12460.txt,1
2461,script_12461.txt,4
2462,script_12462.txt,4
2463,script_12463.txt,1
2464,script_12464.txt,5
2465,script_12465.txt,0
2466,script_12466.txt,1
2467,script_12467.txt,0
2468,script_12468.txt,5
2469,script_12469.txt,0
2470,script_12470.txt,4
2471,script_12471.txt,3
2472,script_12472.txt,4
2473,script_12473.txt,3
2474,script_12474.txt,4
2475,script_12475.txt,0
2476,script_12476.txt,0
2477,script_12477.txt,2
2478,script_12478.txt,0
2479,script_12479.txt,1
2480,script_12480.txt,1
2481,script_12481.txt,5
2482,script_12482.txt,5
2483,script_12483.txt,0
2484,script_12484.txt,3
2485,script_12485.txt,4
2486,script_12486.txt,1
2487,script_12487.txt,4
2488,script_12488.txt,5
2489,script_12489.txt,3
2490,script_12490.txt,4
2491,script_12491.txt,3
2492,script_12492.txt,3
2493,script_12493.txt,1
2494,script_12494.txt,5
2495,script_12495.txt,3
2496,script_12496.txt,4
2497,script_12497.txt,0
2498,script_12498.txt,6
2499,script_12499.txt,3
2500,script_12500.txt,5
2501,script_12501.txt,3
2502,script_12502.txt,3
2503,script_12503.txt,1
2504,script_12504.txt,4
2505,script_12505.txt,3
2506,script_12506.txt,5
2507,script_12507.txt,3
2508,script_12508.txt,0
2509,script_12509.txt,3
2510,script_12510.txt,4
2511,script_12511.txt,3
2512,script_12512.txt,4
2513,script_12513.txt,0
2514,script_12514.txt,5
2515,script_12515.txt,0
2516,script_12516.txt,0
2517,script_12517.txt,3
2518,script_12518.txt,0
2519,script_12519.txt,5
2520,script_12520.txt,4
2521,script_12521.txt,3
2522,script_12522.txt,3
2523,script_12523.txt,4
2524,script_12524.txt,0
2525,script_12525.txt,5
2526,script_12526.txt,5
2527,script_12527.txt,1
2528,script_12528.txt,3
2529,script_12529.txt,6
2530,script_12530.txt,1
2531,script_12531.txt,3
2532,script_12532.txt,3
2533,script_12533.txt,3
2534,script_12534.txt,1
2535,script_12535.txt,4
2536,script_12536.txt,4
2537,script_12537.txt,0
2538,script_12538.txt,4
2539,script_12539.txt,5
2540,script_12540.txt,5
2541,script_12541.txt,1
2542,script_12542.txt,6
2543,script_12543.txt,0
2544,script_12544.txt,1
2545,script_12545.txt,4
2546,script_12546.txt,1
2547,script_12547.txt,3
2548,script_12548.txt,4
2549,script_12549.txt,4
2550,script_12550.txt,4
2551,script_12551.txt,5
2552,script_12552.txt,0
2553,script_12553.txt,3
2554,script_12554.txt,1
2555,script_12555.txt,5
2556,script_12556.txt,5
2557,script_12557.txt,4
2558,script_12558.txt,4
2559,script_12559.txt,3
2560,script_12560.txt,3
2561,script_12561.txt,1
2562,script_12562.txt,4
2563,script_12563.txt,4
2564,script_12564.txt,4
2565,script_12565.txt,6
2566,script_12566.txt,3
2567,script_12567.txt,3
2568,script_12568.txt,0
2569,script_12569.txt,5
2570,script_12570.txt,1
2571,script_12571.txt,3
2572,script_12572.txt,5
2573,script_12573.txt,5
2574,script_12574.txt,5
2575,script_12575.txt,3
2576,script_12576.txt,4
2577,script_12577.txt,4
2578,script_12578.txt,0
2579,script_12579.txt,3
2580,script_12580.txt,4
2581,script_12581.txt,5
2582,script_12582.txt,1
2583,script_12583.txt,4
2584,script_12584.txt,3
2585,script_12585.txt,4
2586,script_12586.txt,5
2587,script_12587.txt,5
2588,script_12588.txt,0
2589,script_12589.txt,4
2590,script_12590.txt,0
2591,script_12591.txt,4
2592,script_12592.txt,0
2593,script_12593.txt,4
2594,script_12594.txt,5
2595,script_12595.txt,3
2596,script_12596.txt,5
2597,script_12597.txt,4
2598,script_12598.txt,5
2599,script_12599.txt,4
2600,script_12600.txt,3
2601,script_12601.txt,0
2602,script_12602.txt,3
2603,script_12603.txt,4
2604,script_12604.txt,4
2605,script_12605.txt,3
2606,script_12606.txt,3
2607,script_12607.txt,1
2608,script_12608.txt,3
2609,script_12609.txt,3
2610,script_12610.txt,4
2611,script_12611.txt,5
2612,script_12612.txt,4
2613,script_12613.txt,3
2614,script_12614.txt,3
2615,script_12615.txt,3
2616,script_12616.txt,0
2617,script_12617.txt,4
2618,script_12618.txt,3
2619,script_12619.txt,0
2620,script_12620.txt,3
2621,script_12621.txt,4
2622,script_12622.txt,4
2623,script_12623.txt,3
2624,script_12624.txt,1
2625,script_12625.txt,0
2626,script_12626.txt,4
2627,script_12627.txt,0
2628,script_12628.txt,4
2629,script_12629.txt,5
2630,script_12630.txt,5
2631,script_12631.txt,2
2632,script_12632.txt,4
2633,script_12633.txt,1
2634,script_12634.txt,4
2635,script_12635.txt,5
2636,script_12636.txt,3
2637,script_12637.txt,3
2638,script_12638.txt,3
2639,script_12639.txt,0
2640,script_12640.txt,3
2641,script_12641.txt,4
2642,script_12642.txt,1
2643,script_12643.txt,0
2644,script_12644.txt,4
2645,script_12645.txt,5
2646,script_12646.txt,4
2647,script_12647.txt,1
2648,script_12648.txt,2
2649,script_12649.txt,4
2650,script_12650.txt,1
2651,script_12651.txt,3
2652,script_12652.txt,1
2653,script_12653.txt,1
2654,script_12654.txt,3
2655,script_12655.txt,0
2656,script_12656.txt,3
2657,script_12657.txt,5
2658,script_12658.txt,5
2659,script_12659.txt,3
2660,script_12660.txt,5
2661,script_12661.txt,3
2662,script_12662.txt,0
2663,script_12663.txt,4
2664,script_12664.txt,6
2665,script_12665.txt,4
2666,script_12666.txt,3
2667,script_12667.txt,1
2668,script_12668.txt,6
2669,script_12669.txt,6
2670,script_12670.txt,5
2671,script_12671.txt,4
2672,script_12672.txt,5
2673,script_12673.txt,4
2674,script_12674.txt,3
2675,script_12675.txt,3
2676,script_12676.txt,3
2677,script_12677.txt,0
2678,script_12678.txt,3
2679,script_12679.txt,3
2680,script_12680.txt,4
2681,script_12681.txt,5
2682,script_12682.txt,4
2683,script_12683.txt,4
2684,script_12684.txt,0
2685,script_12685.txt,5
2686,script_12686.txt,1
2687,script_12687.txt,3
2688,script_12688.txt,5
2689,script_12689.txt,6
2690,script_12690.txt,3
2691,script_12691.txt,5
2692,script_12692.txt,3
2693,script_12693.txt,3
2694,script_12694.txt,1
2695,script_12695.txt,2
2696,script_12696.txt,4
2697,script_12697.txt,6
2698,script_12698.txt,1
2699,script_12699.txt,5
2700,script_12700.txt,5
2701,script_12701.txt,6
2702,script_12702.txt,5
2703,script_12703.txt,0
2704,script_12704.txt,3
2705,script_12705.txt,4
2706,script_12706.txt,3
2707,script_12707.txt,3
2708,script_12708.txt,6
2709,script_12709.txt,6
2710,script_12710.txt,3
2711,script_12711.txt,6
2712,script_12712.txt,4
2713,script_12713.txt,3
2714,script_12714.txt,1
2715,script_12715.txt,5
2716,script_12716.txt,4
2717,script_12717.txt,3
2718,script_12718.txt,3
2719,script_12719.txt,0
2720,script_12720.txt,5
2721,script_12721.txt,1
2722,script_12722.txt,4
2723,script_12723.txt,0
2724,script_12724.txt,4
2725,script_12725.txt,5
2726,script_12726.txt,5
2727,script_12727.txt,4
2728,script_12728.txt,0
2729,script_12729.txt,0
2730,script_12730.txt,0
2731,script_12731.txt,4
2732,script_12732.txt,5
2733,script_12733.txt,4
2734,script_12734.txt,4
2735,script_12735.txt,5
2736,script_12736.txt,3
2737,script_12737.txt,4
2738,script_12738.txt,3
2739,script_12739.txt,5
2740,script_12740.txt,0
2741,script_12741.txt,3
2742,script_12742.txt,5
2743,script_12743.txt,4
2744,script_12744.txt,3
2745,script_12745.txt,5
2746,script_12746.txt,5
2747,script_12747.txt,1
2748,script_12748.txt,5
2749,script_12749.txt,3
2750,script_12750.txt,3
2751,script_12751.txt,1
2752,script_12752.txt,5
2753,script_12753.txt,4
2754,script_12754.txt,0
2755,script_12755.txt,4
2756,script_12756.txt,3
2757,script_12757.txt,0
2758,script_12758.txt,4
2759,script_12759.txt,0
2760,script_12760.txt,5
2761,script_12761.txt,5
2762,script_12762.txt,4
2763,script_12763.txt,3
2764,script_12764.txt,1
2765,script_12765.txt,4
2766,script_12766.txt,4
2767,script_12767.txt,5
2768,script_12768.txt,3
2769,script_12769.txt,4
2770,script_12770.txt,4
2771,script_12771.txt,4
2772,script_12772.txt,1
2773,script_12773.txt,3
2774,script_12774.txt,6
2775,script_12775.txt,3
2776,script_12776.txt,3
2777,script_12777.txt,4
2778,script_12778.txt,1
2779,script_12779.txt,3
2780,script_12780.txt,0
2781,script_12781.txt,2
2782,script_12782.txt,4
2783,script_12783.txt,6
2784,script_12784.txt,5
2785,script_12785.txt,5
2786,script_12786.txt,6
2787,script_12787.txt,3
2788,script_12788.txt,5
2789,script_12789.txt,1
2790,script_12790.txt,4
2791,script_12791.txt,3
2792,script_12792.txt,3
2793,script_12793.txt,3
2794,script_12794.txt,3
2795,script_12795.txt,3
2796,script_12796.txt,3
2797,script_12797.txt,1
2798,script_12798.txt,1
2799,script_12799.txt,3
2800,script_12800.txt,3
2801,script_12801.txt,3
2802,script_12802.txt,3
2803,script_12803.txt,4
2804,script_12804.txt,4
2805,script_12805.txt,4
2806,script_12806.txt,0
2807,script_12807.txt,1
2808,script_12808.txt,1
2809,script_12809.txt,4
2810,script_12810.txt,3
2811,script_12811.txt,1
2812,script_12812.txt,4
2813,script_12813.txt,5
2814,script_12814.txt,3
2815,script_12815.txt,3
2816,script_12816.txt,1
2817,script_12817.txt,2
2818,script_12818.txt,3
2819,script_12819.txt,0
2820,script_12820.txt,5
2821,script_12821.txt,0
2822,script_12822.txt,1
2823,script_12823.txt,1
2824,script_12824.txt,0
2825,script_12825.txt,3
2826,script_12826.txt,5
2827,script_12827.txt,5
2828,script_12828.txt,1
2829,script_12829.txt,5
2830,script_12830.txt,3
2831,script_12831.txt,3
2832,script_12832.txt,0
2833,script_12833.txt,4
2834,script_12834.txt,3
2835,script_12835.txt,4
2836,script_12836.txt,3
2837,script_12837.txt,3
2838,script_12838.txt,0
2839,script_12839.txt,3
2840,script_12840.txt,4
2841,script_12841.txt,3
2842,script_12842.txt,5
2843,script_12843.txt,3
2844,script_12844.txt,3
2845,script_12845.txt,3
2846,script_12846.txt,3
2847,script_12847.txt,5
2848,script_12848.txt,5
2849,script_12849.txt,3
2850,script_12850.txt,4
2851,script_12851.txt,3
2852,script_12852.txt,5
2853,script_12853.txt,3
2854,script_12854.txt,5
2855,script_12855.txt,5
2856,script_12856.txt,6
2857,script_12857.txt,4
2858,script_12858.txt,6
2859,script_12859.txt,4
2860,script_12860.txt,4
2861,script_12861.txt,5
2862,script_12862.txt,0
2863,script_12863.txt,3
2864,script_12864.txt,3
2865,script_12865.txt,3
2866,script_12866.txt,1
2867,script_12867.txt,4
2868,script_12868.txt,3
2869,script_12869.txt,3
2870,script_12870.txt,2
2871,script_12871.txt,5
2872,script_12872.txt,0
2873,script_12873.txt,0
2874,script_12874.txt,2
2875,script_12875.txt,5
2876,script_12876.txt,4
2877,script_12877.txt,1
2878,script_12878.txt,5
2879,script_12879.txt,3
2880,script_12880.txt,3
2881,script_12881.txt,3
2882,script_12882.txt,4
2883,script_12883.txt,1
2884,script_12884.txt,4
2885,script_12885.txt,3
2886,script_12886.txt,3
2887,script_12887.txt,4
2888,script_12888.txt,3
2889,script_12889.txt,3
2890,script_12890.txt,3
2891,script_12891.txt,4
2892,script_12892.txt,3
2893,script_12893.txt,4
2894,script_12894.txt,0
2895,script_12895.txt,4
2896,script_12896.txt,4
2897,script_12897.txt,0
2898,script_12898.txt,4
2899,script_12899.txt,4
2900,script_12900.txt,3
2901,script_12901.txt,1
2902,script_12902.txt,5
2903,script_12903.txt,4
2904,script_12904.txt,1
2905,script_12905.txt,1
2906,script_12906.txt,4
2907,script_12907.txt,4
2908,script_12908.txt,3
2909,script_12909.txt,3
2910,script_12910.txt,3
2911,script_12911.txt,3
2912,script_12912.txt,3
2913,script_12913.txt,3
2914,script_12914.txt,4
2915,script_12915.txt,4
2916,script_12916.txt,1
2917,script_12917.txt,3
2918,script_12918.txt,3
2919,script_12919.txt,5
2920,script_12920.txt,5
2921,script_12921.txt,6
2922,script_12922.txt,0
2923,script_12923.txt,3
2924,script_12924.txt,3
2925,script_12925.txt,3
2926,script_12926.txt,6
2927,script_12927.txt,3
2928,script_12928.txt,4
2929,script_12929.txt,0
2930,script_12930.txt,5
2931,script_12931.txt,0
2932,script_12932.txt,3
2933,script_12933.txt,4
2934,script_12934.txt,0
2935,script_12935.txt,4
2936,script_12936.txt,3
2937,script_12937.txt,1
2938,script_12938.txt,5
2939,script_12939.txt,3
2940,script_12940.txt,1
2941,script_12941.txt,1
2942,script_12942.txt,6
2943,script_12943.txt,3
2944,script_12944.txt,0
2945,script_12945.txt,4
2946,script_12946.txt,1
2947,script_12947.txt,4
2948,script_12948.txt,1
2949,script_12949.txt,3
2950,script_12950.txt,4
2951,script_12951.txt,5
2952,script_12952.txt,5
2953,script_12953.txt,4
2954,script_12954.txt,4
2955,script_12955.txt,3
2956,script_12956.txt,5
2957,script_12957.txt,3
2958,script_12958.txt,0
2959,script_12959.txt,6
2960,script_12960.txt,5
2961,script_12961.txt,3
2962,script_12962.txt,5
2963,script_12963.txt,5
2964,script_12964.txt,5
2965,script_12965.txt,3
2966,script_12966.txt,3
2967,script_12967.txt,2
2968,script_12968.txt,6
2969,script_12969.txt,0
2970,script_12970.txt,3
2971,script_12971.txt,4
2972,script_12972.txt,3
2973,script_12973.txt,4
2974,script_12974.txt,5
2975,script_12975.txt,4
2976,script_12976.txt,4
2977,script_12977.txt,1
2978,script_12978.txt,3
2979,script_12979.txt,0
2980,script_12980.txt,3
2981,script_12981.txt,3
2982,script_12982.txt,1
2983,script_12983.txt,3
2984,script_12984.txt,5
2985,script_12985.txt,3
2986,script_12986.txt,2
2987,script_12987.txt,4
2988,script_12988.txt,3
2989,script_12989.txt,3
2990,script_12990.txt,1
2991,script_12991.txt,5
2992,script_12992.txt,3
2993,script_12993.txt,5
2994,script_12994.txt,5
2995,script_12995.txt,5
2996,script_12996.txt,3
2997,script_12997.txt,1
2998,script_12998.txt,3
2999,script_12999.txt,3
3000,script_13000.txt,4
3001,script_13001.txt,3
3002,script_13002.txt,5
3003,script_13003.txt,4
3004,script_13004.txt,5
3005,script_13005.txt,4
3006,script_13006.txt,0
3007,script_13007.txt,4
3008,script_13008.txt,1
3009,script_13009.txt,5
3010,script_13010.txt,5
3011,script_13011.txt,3
3012,script_13012.txt,6
3013,script_13013.txt,3
3014,script_13014.txt,1
3015,script_13015.txt,4
3016,script_13016.txt,1
3017,script_13017.txt,5
3018,script_13018.txt,5
3019,script_13019.txt,3
3020,script_13020.txt,5
3021,script_13021.txt,3
3022,script_13022.txt,3
3023,script_13023.txt,1
3024,script_13024.txt,3
3025,script_13025.txt,0
3026,script_13026.txt,3
3027,script_13027.txt,5
3028,script_13028.txt,5
3029,script_13029.txt,0
3030,script_13030.txt,4
3031,script_13031.txt,4
3032,script_13032.txt,3
3033,script_13033.txt,3
3034,script_13034.txt,5
3035,script_13035.txt,3
3036,script_13036.txt,3
3037,script_13037.txt,3
3038,script_13038.txt,5
3039,script_13039.txt,3
3040,script_13040.txt,0
3041,script_13041.txt,5
3042,script_13042.txt,4
3043,script_13043.txt,0
3044,script_13044.txt,3
3045,script_13045.txt,5
3046,script_13046.txt,4
3047,script_13047.txt,3
3048,script_13048.txt,2
3049,script_13049.txt,0
3050,script_13050.txt,5
3051,script_13051.txt,4
3052,script_13052.txt,3
3053,script_13053.txt,3
3054,script_13054.txt,1
3055,script_13055.txt,1
3056,script_13056.txt,0
3057,script_13057.txt,1
3058,script_13058.txt,4
3059,script_13059.txt,5
3060,script_13060.txt,3
3061,script_13061.txt,3
3062,script_13062.txt,1
3063,script_13063.txt,5
3064,script_13064.txt,5
3065,script_13065.txt,2
3066,script_13066.txt,4
3067,script_13067.txt,3
3068,script_13068.txt,4
3069,script_13069.txt,1
3070,script_13070.txt,5
3071,script_13071.txt,4
3072,script_13072.txt,4
3073,script_13073.txt,5
3074,script_13074.txt,5
3075,script_13075.txt,4
3076,script_13076.txt,3
3077,script_13077.txt,5
3078,script_13078.txt,4
3079,script_13079.txt,3
3080,script_13080.txt,0
3081,script_13081.txt,1
3082,script_13082.txt,4
3083,script_13083.txt,3
3084,script_13084.txt,4
3085,script_13085.txt,5
3086,script_13086.txt,3
3087,script_13087.txt,1
3088,script_13088.txt,1
3089,script_13089.txt,3
3090,script_13090.txt,0
3091,script_13091.txt,1
3092,script_13092.txt,3
3093,script_13093.txt,5
3094,script_13094.txt,4
3095,script_13095.txt,4
3096,script_13096.txt,3
3097,script_13097.txt,3
3098,script_13098.txt,4
3099,script_13099.txt,1
3100,script_13100.txt,1
3101,script_13101.txt,5
3102,script_13102.txt,3
3103,script_13103.txt,4
3104,script_13104.txt,2
3105,script_13105.txt,0
3106,script_13106.txt,0
3107,script_13107.txt,3
3108,script_13108.txt,3
3109,script_13109.txt,4
3110,script_13110.txt,1
3111,script_13111.txt,5
3112,script_13112.txt,0
3113,script_13113.txt,3
3114,script_13114.txt,4
3115,script_13115.txt,6
3116,script_13116.txt,3
3117,script_13117.txt,5
3118,script_13118.txt,6
3119,script_13119.txt,4
3120,script_13120.txt,1
3121,script_13121.txt,3
3122,script_13122.txt,4
3123,script_13123.txt,1
3124,script_13124.txt,0
3125,script_13125.txt,4
3126,script_13126.txt,3
3127,script_13127.txt,4
3128,script_13128.txt,6
3129,script_13129.txt,1
3130,script_13130.txt,5
3131,script_13131.txt,3
3132,script_13132.txt,0
3133,script_13133.txt,0
3134,script_13134.txt,4
3135,script_13135.txt,5
3136,script_13136.txt,5
3137,script_13137.txt,1
3138,script_13138.txt,5
3139,script_13139.txt,1
3140,script_13140.txt,3
3141,script_13141.txt,0
3142,script_13142.txt,4
3143,script_13143.txt,1
3144,script_13144.txt,5
3145,script_13145.txt,1
3146,script_13146.txt,1
3147,script_13147.txt,3
3148,script_13148.txt,4
3149,script_13149.txt,4
3150,script_13150.txt,3
3151,script_13151.txt,5
3152,script_13152.txt,3
3153,script_13153.txt,5
3154,script_13154.txt,3
3155,script_13155.txt,5
3156,script_13156.txt,3
3157,script_13157.txt,5
3158,script_13158.txt,5
3159,script_13159.txt,0
3160,script_13160.txt,5
3161,script_13161.txt,4
3162,script_13162.txt,3
3163,script_13163.txt,0
3164,script_13164.txt,3
3165,script_13165.txt,6
3166,script_13166.txt,4
3167,script_13167.txt,3
3168,script_13168.txt,3
3169,script_13169.txt,2
3170,script_13170.txt,3
3171,script_13171.txt,4
3172,script_13172.txt,0
3173,script_13173.txt,0
3174,script_13174.txt,5
3175,script_13175.txt,3
3176,script_13176.txt,6
3177,script_13177.txt,0
3178,script_13178.txt,3
3179,script_13179.txt,4
3180,script_13180.txt,5
3181,script_13181.txt,4
3182,script_13182.txt,1
3183,script_13183.txt,3
3184,script_13184.txt,5
3185,script_13185.txt,1
3186,script_13186.txt,0
3187,script_13187.txt,0
3188,script_13188.txt,4
3189,script_13189.txt,3
3190,script_13190.txt,3
3191,script_13191.txt,4
3192,script_13192.txt,6
3193,script_13193.txt,4
3194,script_13194.txt,1
3195,script_13195.txt,0
3196,script_13196.txt,3
3197,script_13197.txt,3
3198,script_13198.txt,3
3199,script_13199.txt,4
3200,script_13200.txt,5
3201,script_13201.txt,3
3202,script_13202.txt,0
3203,script_13203.txt,1
3204,script_13204.txt,4
3205,script_13205.txt,1
3206,script_13206.txt,5
3207,script_13207.txt,3
3208,script_13208.txt,0
3209,script_13209.txt,5
3210,script_13210.txt,3
3211,script_13211.txt,3
3212,script_13212.txt,4
3213,script_13213.txt,1
3214,script_13214.txt,0
3215,script_13215.txt,3
3216,script_13216.txt,5
3217,script_13217.txt,5
3218,script_13218.txt,1
3219,script_13219.txt,3
3220,script_13220.txt,4
3221,script_13221.txt,1
3222,script_13222.txt,1
3223,script_13223.txt,3
3224,script_13224.txt,0
3225,script_13225.txt,5
3226,script_13226.txt,5
3227,script_13227.txt,5
3228,script_13228.txt,3
3229,script_13229.txt,4
3230,script_13230.txt,3
3231,script_13231.txt,5
3232,script_13232.txt,5
3233,script_13233.txt,0
3234,script_13234.txt,0
3235,script_13235.txt,0
3236,script_13236.txt,3
3237,script_13237.txt,0
3238,script_13238.txt,4
3239,script_13239.txt,3
3240,script_13240.txt,3
3241,script_13241.txt,3
3242,script_13242.txt,4
3243,script_13243.txt,0
3244,script_13244.txt,1
3245,script_13245.txt,5
3246,script_13246.txt,4
3247,script_13247.txt,4
3248,script_13248.txt,1
3249,script_13249.txt,3
3250,script_13250.txt,5
3251,script_13251.txt,0
3252,script_13252.txt,5
3253,script_13253.txt,3
3254,script_13254.txt,3
3255,script_13255.txt,3
3256,script_13256.txt,4
3257,script_13257.txt,4
3258,script_13258.txt,0
3259,script_13259.txt,3
3260,script_13260.txt,5
3261,script_13261.txt,5
3262,script_13262.txt,4
3263,script_13263.txt,3
3264,script_13264.txt,3
3265,script_13265.txt,5
3266,script_13266.txt,3
3267,script_13267.txt,5
3268,script_13268.txt,3
3269,script_13269.txt,0
3270,script_13270.txt,3
3271,script_13271.txt,5
3272,script_13272.txt,5
3273,script_13273.txt,4
3274,script_13274.txt,3
3275,script_13275.txt,5
3276,script_13276.txt,6
3277,script_13277.txt,4
3278,script_13278.txt,3
3279,script_13279.txt,5
3280,script_13280.txt,3
3281,script_13281.txt,3
3282,script_13282.txt,1
3283,script_13283.txt,3
3284,script_13284.txt,0
3285,script_13285.txt,3
3286,script_13286.txt,6
3287,script_13287.txt,3
3288,script_13288.txt,6
3289,script_13289.txt,3
3290,script_13290.txt,3
3291,script_13291.txt,5
